{
  "spider": "./DMx.jar",
  "wallpaper": "https://深色壁纸.xxooo.cf/",
  "lives": [
    {
      "name": "live",
      "type": 0,
      "url": "./txt/DMBJ.txt",
      "playerType": 2,
      "logo": "https://epg.iill.top/logo/{name}.png"
    }
  ],
  "warningText": "主页刷新接口",
  "sites": [
    {
      "key": "csp_DOUban",
      "name": "✡︎主页🔹刷新",
      "type": 3,
      "api": "csp_Douban",
      "searchable": 0
    },
    {
      "key": "虎牙",
      "name": "🐯虎牙🔹直播",
      "type": 3,
      "api": "./lib/drpy2.min.js",
      "searchable": 0,
      "quickSearch": 0,
      "playerType": 1,
      "ext": "./js/虎牙直播.js"
    },
    {
      "key": "csp_BL",
      "name": "💌哔哩🔹资源",
      "type": 3,
      "api": "./lib/drpy2.min.js",
      "playerType": 2,
      "ext": "./js/我的哔哩.js?type=url&params=./json/Bili资源.json"
    },
    {
      "key": "wogg",
      "name": "🎲玩偶🔹云盘",
      "type": 3,
      "api": "csp_PanWebShare",
      "searchable": 1,
      "quickSearch": 1,
      "filterable": 1,
      "changeable": 1,
      "ext": "./云盘文件/wogg.json"
    },
    {
      "key": "XM",
      "name": "👻小米🔹云盘",
      "type": 3,
      "api": "csp_PanWebShare",
      "searchable": 1,
      "quickSearch": 1,
      "filterable": 1,
      "changeable": 1,
      "ext": "./云盘文件/xiaomi.json"
    },
    {
      "key": "csp_QQ",
      "name": "🥝多多🔹云盘",
      "type": 3,
      "api": "csp_PanWebShare",
      "searchable": 1,
      "quickSearch": 1,
      "filterable": 1,
      "changeable": 1,
      "ext": "./云盘文件/duoduo.json"
    },
    {
      "key": "二小",
      "name": "🗓️二小🔹云盘",
      "type": 3,
      "api": "csp_PanWebShare",
      "searchable": 1,
      "quickSearch": 1,
      "filterable": 1,
      "changeable": 1,
      "ext": "./云盘文件/wex.json"
    },
    {
      "key": "闪电",
      "name": "🌩️蜡笔🔹云盘",
      "type": 3,
      "api": "csp_PanWebShare",
      "searchable": 1,
      "quickSearch": 1,
      "filterable": 1,
      "changeable": 1,
      "ext": "./云盘文件/lb.json"
    },
{
      "key": "hb",
      "name": "🌱虎斑🔹云盘",
      "type": 3,
      "api": "csp_PanWebShare",
      "searchable": 1,
      "quickSearch": 1,
      "filterable": 1,
      "changeable": 1,
      "ext": "./云盘文件/hb.json"
    },
    {
      "key": "XY短剧",
      "name": "📡星芽🔹短剧",
      "type": 3,
      "api": "./lib/drpy2.min.js",
      "searchable": 1,
      "quickSearch": 1,
      "changeable": 1,
      "ext": "./js/星芽短剧.js"
    },

    
    
    {
      "key": "JiL",
      "name": "🐬锦鲤🔹短剧",
      "type": 3,
      "api": "csp_JinliDJ",
      "searchable": 1,
      "quickSearch": 1,
      "filterable": 1,
      "changeable": 1


    },

{
      "key": "追影视",
      "name": "🎴围观🔹短剧",
      "type": 3,
      "searchable": 1,
      "quickSearch": 1,
      "filterable": 1,
      "changeable": 1,
      "api": "./lib/drpy2.min.js",
      "ext": "./js/围观短剧[短].js"
    },
    {
      "key": "番茄短剧",
      "name": "🍅番茄🔹短剧",
      "type": 3,
      "api": "./lib/drpy2.min.js",
      "searchable": 1,
      "changeable": 1,
      "quickSearch": 1,
      "filterable": 1,
      "ext": "./js/番茄短剧[短].js"
    },
    {
      "key": "七猫短剧",
      "name": "☘️小酷🔹短剧",
      "type": 3,
      "api": "./lib/drpy2.min.js",
      "searchable": 1,
      "changeable": 1,
      "quickSearch": 1,
      "filterable": 1,
      "ext": "./js/小酷短剧[短].js"
    },
    

    {
      "key": "xg短剧",
      "name": "💒星阁🔹短剧",
      "type": 3,
      "api": "csp_XinggeDJ",
      "searchable": 1,
      "changeable": 1,
      "quickSearch": 1,
      "filterable": 1
    },

    
    {
      "key": "csp_JPYS",
      "name": "🥇金牌🔹影视",
      "type": 3,
      "searchable": 1,
      "quickSearch": 1,
      "api": "csp_Jpys",
      "ext": "https://m.hkybqufgh.com,https://m.sizhengxt.com,https://m.9zhoukj.com,https://m.sizhengxt.com,https://m.jiabaide.cn"
    },
    {
      "key": "PG资源",
      "name": "🍎苹果🔹影视",
      "type": 3,
      "api": "csp_LiteApple",
      "categories": [
        "电影",
        "连续剧",
        "动漫",
        "综艺"
      ],
      "searchable": 1,
      "quickSearch": 1,
      "filterable": 1
    },
    {
      "key": "YZ",
      "name": "🎀椰子🔹影视",
      "quickSearch": 1,
      "searchable": 1,
      "type": 3,
      "categories": [
        "电影",
        "电视剧",
        "动漫",
        "综艺",
        "短剧"
      ],
      "api": "csp_AppFox",
      "ext": {
        "host": "https://yzysap.oss-cn-hangzhou.aliyuncs.com/yzysapp.json",
        "ver": 2
      }
    },
    {
      "key": "ly",
      "name": "🎈恋鱼🔹影视",
      "quickSearch": 1,
      "searchable": 1,
      "type": 3,
      "categories": [
        "电影",
        "电视剧",
        "动漫",
        "综艺"
      ],
      "api": "csp_AppFox",
      "ext": {
        "host": "https://173220859-1333208043.cos.ap-shanghai.myqcloud.com/1.json",
        "ver": 2
      }
    },

    {
      "key": "canshu",
      "name": "🐹仓鼠🔹影视",
      "quickSearch": 1,
      "searchable": 1,
      "type": 3,
      "categories": [
        "电影",
        "电视剧",
        "动漫",
        "综艺",
        "短剧"
      ],
      "api": "./py/getapp3.4.2.py",
      "ext": {
        "host": "https://ceshi307386.oss-cn-beijing.aliyuncs.com/ceshi430.txt",
        "datakey": "7sKhdca8HXGuyZ4x",
        "api": 2
      }
    },
    {
      "key": "鲸鱼影视",
      "name": "🐋鲸鱼🔹影视",
      "type": 3,
      "categories": [
        "电影",
        "电视剧",
        "动漫",
        "综艺",
        "短剧"
      ],
      "api": "./py/getapp3.4.2.py",
      "ext": {
        "host": "https://jingyu4k-1312635929.cos.ap-nanjing.myqcloud.com/1.json",
        "datakey": "AAdgrdghjfgswerA",
        "api": 2
      }
    },
    {
      "key": "云速",
      "name": "☁️云速🔹影视",
      "type": 3,
      "categories": [
        "电影",
        "电视剧",
        "动漫",
        "综艺",
        "短剧"
      ],
      "api": "./py/getapp3.4.2.py",
      "ext": {
        "host": "https://staraugust123456.oss-cn-hangzhou.aliyuncs.com/2.txt",
        "datakey": "staraugust123456",
        "api": 2
      }
    },
    {
      "key": "诺曦",
      "name": "🎈若曦🔹影视",
      "type": 3,
      "categories": [
        "电影",
        "电视剧",
        "动漫",
        "综艺",
        "短剧"
      ],
      "api": "./py/getapp3.4.2.py",
      "ext": {
        "host": "https://rxysyyds.oss-cn-chengdu.aliyuncs.com/qiji.txt",
        "datakey": "sjvlwnhk6h9znl61",
        "api": 2
      }
    },
        {
      "key": "橘子",
      "name": "🍊橘子🔹影视",
      "type": 3,
      "categories": [
        "电影",
        "电视剧",
        "动漫",
        "综艺",
        "短剧"
      ],
      "api": "./py/getapp3.4.2.py",
      "ext": {
        "host": "https://juziapp.tpmbt.cn",
        "datakey": "K3h6YvSU8BTUfEcb",
        "api": 2
      }
    },
            {
      "key": "爱盈",
      "name": "🍀爱盈🔹影视",
      "type": 3,
      "categories": [
        "电影",
        "电视剧",
        "动漫",
        "综艺",
        "短剧"
      ],
      "api": "./py/getapp3.4.2.py",
      "ext": {
        "host": "https://rxysyyds.oss-cn-chengdu.aliyuncs.com/qiji.txt",
        "datakey": "sjvlwnhk6h9znl61",
        "api": 2
      }
    },
    
                {
      "key": "顾我",
      "name": "🍹顾我🔹影视",
      "type": 3,
      "categories": [
        "电影",
        "电视剧",
        "动漫",
        "综艺",
        "短剧"
      ],
      "api": "./py/getapp3.4.2.py",
      "ext": {
        "host": "https://guwozj-1319364746.cos.ap-guangzhou.myqcloud.com/guwo.txt",
        "datakey": "ca94b06ca3c7d80e",
        "api": 2
      }
    },

        {
            "key": "爆炸",
            "name": "💣爆炸🔹影视",
            "type": 3,
            "api": "csp_AppQi",
            "changeable": "1",
            "quickSearch": 0,
            "filterable": 1,
            "categories": [
        "电影",
        "剧集",
        "动漫",
        "综艺",
        "短剧"
      ],
            "ext": {
                "site": "https://daen-1256234123.cos.ap-shanghai.myqcloud.com/MuQi/mqxh.txt",
                "dataKey": "37kj83zs1q16jk6t",
                "dataIv": "37kj83zs1q16jk6t",
                "search": "searchList4",
                "init": "initV122",
                "ua": "okhttp/3.10.0"
            }
        },
        
              {
            "key": "星星",
            "name": "⭐星星🔹影视",
            "type": 3,
            "api": "csp_AppGet",
            "categories": [
             "电影",
             "电视剧",
             "动漫",
             "综艺",
             "短剧"
              ],
            "ext": {
                "site": "http://110.81.153.7:1963/get.txt",
                "dataKey": "k7L9mQ2xR4pW8n88",
                "dataIv": "k7L9mQ2xR4pW8n88",
                "version": "305"
            }
        },
        
           {
      "key": "LY",
      "name": "🐤老雅🔹影视",
      "type": 3,
      "searchable": 1,
      "quickSearch": 1,
      "filterable": 1,
      "changeable": 1,
      "categories": [
        "电影",
        "连续剧",
        "动漫",
        "综艺",
        "短剧"
      ],
      "api": "csp_AppFox",
      "ext": {
        "host": "https://cms99api.ystva.com",
        "ver": 2
      }
    },  

    {
      "key": "QJ",
      "name": "📽️聚搜🔹影视",
      "type": 3,
      "api": "csp_qiao2",
      "playerType": 2,
      "jar": "./jar/qj.jar",
      "categories": [
        "电影",
        "剧集",
        "动漫",
        "综艺",
        "短剧"
      ],
      "ext": "7lj763gg402i7942412h849jg1558j9jl8g19213il86316k465719lik158491h179312h4934183ig2l05g9"
    },
    {
      "key": "趣盘",
      "name": "🌎百度🔹盘搜",
      "type": 3,
      "api": "csp_PanSou",
      "searchable": 1,
      "quickSearch": 1,
      "filterable": 1,
      "ext": {
        "cloudDrives": "baidu"
      }
    },
    
    
            {
            "key": "UC盘搜",
            "name": "✨优汐🔹盘搜",
            "type": 3,
            "api": "csp_PanSou",
            "searchable": 1,
            "quickSearch": 1,
            "filterable": 1,
            "ext": {
                "cloudDrives": "uc"
            }
        },
        

        
    {
      "key": "糖果",
      "name": "🔍糖果🔹搜索",
      "type": 3,
      "api": "csp_TGSou",
      "searchable": 1,
      "quickSearch": 1,
      "filterable": 1
    },
    {
      "key": "配置中心",
      "name": "⚙配置🔹中心",
      "type": 3,
      "api": "csp_Config",
      "searchable": 0,
      "changeable": 0,
      "indexs": 0,
      "style": {
        "type": "rect",
        "ratio": 1.597
      }
    },
    
          {
            "key": "版本信息",
            "name": "🔰版本🔹更新",
            "type": 3,
            "api": "csp_Market",
            "searchable": 0,
            "changeable": 0,
            "indexs": 0,
            "ext": "https://cnb.cool/ztr2018/DM/-/git/raw/main/%E6%9C%AC%E5%9C%B0%E5%8C%85/single.json"
        },
        
            {
            "key": "push_agent",
            "name": "🚀链接🔹推送",
            "type": 3,
            "api": "csp_Push",
            "searchable": 0,
            "filterable": 0,
            "changeable": 0
        }
        
  ],
  "parses": [
    {
      "name": "解析聚合",
      "type": 3,
      "url": "Demo"
    },
    {
      "name": "web聚合",
      "type": 3,
      "url": "Web"
    },
    {
      "name": "虾米",
      "type": 0,
      "url": "https://jx.xmflv.com/?url=",
      "ext": {
        "header": {
          "user-agent": "Mozilla/5.0 (Windows NT 10.0; Win64; x64) AppleWebKit/537.36 (KHTML, like Gecko) Chrome/110.0.0.0 Safari/537.36 Edg/110.0.1587.57"
        }
      }
    },
    {
      "name": "冰豆",
      "type": 0,
      "url": "https://bd.jx.cn/?url=",
      "ext": {
        "header": {
          "user-agent": "Mozilla/5.0 (Linux; Android 13; V2049A Build/TP1A.220624.014; wv) AppleWebKit/537.36 (KHTML, like Gecko) Version/4.0 Chrome/116.0.0.0 Mobile Safari/537.36"
        }
      }
    },
    {
      "name": "HLS",
      "type": 0,
      "url": "https://jx.hls.one/?url=",
      "ext": {
        "flag": [
          "qq",
          "腾讯",
          "qiyi",
          "爱奇艺",
          "奇艺",
          "youku",
          "优酷",
          "mgtv",
          "芒果",
          "letv",
          "乐视",
          "pptv",
          "PPTV",
          "sohu",
          "bilibili",
          "哔哩哔哩",
          "哔哩"
        ],
        "header": {
          "User-Agent": "okhttp/4.1.0"
        }
      }
    },
    {
      "name": "淘片",
      "type": 0,
      "url": "https://jx.yparse.com/index.php?url=",
      "ext": {
        "header": {
          "user-agent": "Mozilla/5.0 (Linux; Android 13; V2049A Build/TP1A.220624.014; wv) AppleWebKit/537.36 (KHTML, like Gecko) Version/4.0 Chrome/116.0.0.0 Mobile Safari/537.36"
        }
      }
    },
    {
      "name": "七七",
      "type": 0,
      "url": "https://jx.77flv.cc/?url=",
      "ext": {
        "header": {
          "user-agent": "Mozilla/5.0 (Linux; Android 13; V2049A Build/TP1A.220624.014; wv) AppleWebKit/537.36 (KHTML, like Gecko) Version/4.0 Chrome/116.0.0.0 Mobile Safari/537.36"
        }
      }
    },
    {
      "name": "盘古",
      "type": 0,
      "url": "https://www.playm3u8.cn/jiexi.php?url=",
      "ext": {
        "header": {
          "user-agent": "Mozilla/5.0 (Linux; Android 13; V2049A Build/TP1A.220624.014; wv) AppleWebKit/537.36 (KHTML, like Gecko) Version/4.0 Chrome/116.0.0.0 Mobile Safari/537.36"
        }
      }
    },
    {
      "name": "夜幕",
      "type": 0,
      "url": "https://yemu.xyz/?url=",
      "ext": {
        "header": {
          "user-agent": "Mozilla/5.0 (Linux; Android 13; V2049A Build/TP1A.220624.014; wv) AppleWebKit/537.36 (KHTML, like Gecko) Version/4.0 Chrome/116.0.0.0 Mobile Safari/537.36"
        }
      }
    },
    {
      "name": "8090",
      "type": 0,
      "url": "https://www.8090g.cn/?url="
    },
    {
      "name": "m3u8",
      "type": 0,
      "url": "https://jx.m3u8.tv/jiexi/?url="
    }
  ],
  "flags": [
    "youku",
    "优酷",
    "优 酷",
    "优酷视频",
    "qq",
    "腾讯",
    "腾 讯",
    "腾讯视频",
    "iqiyi",
    "qiyi",
    "奇艺",
    "爱奇艺",
    "爱 奇 艺",
    "m1905",
    "xigua",
    "letv",
    "leshi",
    "乐视",
    "乐 视",
    "sohu",
    "搜狐",
    "搜 狐",
    "搜狐视频",
    "tudou",
    "pptv",
    "mgtv",
    "芒果",
    "imgo",
    "芒果TV",
    "芒 果 T V",
    "bilibili",
    "哔 哩",
    "哔 哩 哔 哩"
  ]
}