{
        "嗅探词": ".m3u8#.mp4#.m3u8?#freeok.mp4",
        "分类url": "https://shdy2.com/list/{cateId}-{catePg}.html;;vr1au0",
        "分类": "电影$1#电视剧$2#韩剧$22#美剧$23#动漫$4",
        "数组二次截取": "class=\"v_list\">&&</ul>",
        "数组": "\"v_img\"&&/div>",
        "标题": "title=\"&&\"",
        "副标题": "v_note\"&&</div",
        "跳转播放链接": "<iframe*src=\"&&\"",
        "二次跳转播放链接": "https://hhjx.hhplayer.com/api.php;post;url=+var url*\"&&\"+&t=+var t*\"&&\"+&key=+var key*\"&&\"+&act=0+&play=1",
        "三次跳转播放链接": "\"url\"*\"&&\""
      }