{
  "规则名": "虎牙直播",
  "规则作者": "香雅情",
  "请求头参数": "手机",
  "网页编码格式": "UTF-8",
  "图片是否需要代理": "0",
  "是否开启获取首页数据": "1",
  "首页推荐链接": "clan://XYQTVBox/虎牙主播.html",
  "首页列表数组规则": "body&&.list",
  "首页片单列表数组规则": "a",
  "首页片单是否Jsoup写法": "1",
  "首页片单标题": "a&&Text",
  "首页片单链接": "a&&href",
  "首页片单图片": "a&&data-original",
  "首页片单副标题": "a&&desc",
  "首页片单链接加前缀": "http://www.52sw.top:678/play/huya.php?id=",
  "首页片单链接加后缀": "#备用线路$https://www.goodiptv.club/huya/'input'",
  "分类起始页码": "1",
  "分类链接": "https://live.huya.com/liveHttpUI/getTmpLiveList?iTmpId={cateId}&iPageNo={catePg}&iPageSize=120&iLibId=2213&iGid=2135",
  "分类名称": "电影&电视剧&综艺&古装&搞笑&动画",
  "分类名称替换词": "2067&2079&1011&4201&4183&6861",
  "筛选数据": "ext",
  "筛选子分类名称": "",
  "筛选子分类替换词": "",
  "分类截取模式": "0",
  "分类列表数组规则": "vList",
  "分类片单是否Jsoup写法": "1",
  "分类片单标题": "sIntroduction",
  "分类片单链接": "lProfileRoom",
  "分类片单图片": "sScreenshot",
  "分类片单副标题": "sNick",
  "分类片单链接加前缀": "http://www.52sw.top:678/play/huya.php?id=",
  "分类片单链接加后缀": "#备用线路$https://www.goodiptv.club/huya/'input'",
  "搜索请求头参数": "User-Agent$手机",
  "搜索链接": "https://search.cdn.huya.com/?m=Search&do=getSearchContent&plt=m&q={wd}&uid=0&app=11&v=4&typ=-5&start=0@&rows=40",
  "POST请求数据": "",
  "搜索截取模式": "0",
  "搜索列表数组规则": "response.3.docs",
  "搜索片单是否Jsoup写法": "1",
  "搜索片单图片": "game_screenshot",
  "搜索片单标题": "game_nick",
  "搜索片单链接": "room_id",
  "搜索片单副标题": "gameName",
  "搜索片单链接加前缀": "http://www.52sw.top:678/play/huya.php?id=",
  "搜索片单链接加后缀": "#备用线路$https://www.goodiptv.club/huya/'input'",
  "链接是否直接播放": "1",
  "直接播放链接加前缀": "",
  "直接播放链接加后缀": "",
  "直接播放直链视频请求头": "",
  "是否开启手动嗅探": "1",
  "手动嗅探视频链接关键词": "/huya",
  "手动嗅探视频链接过滤词": ".html#=http"
}
