 {
        "滤词": "",
        "直接播放": "0",
        "播放请求头": "User-Agent$Mozilla/5.0 (Linux; Android 12; TAS-AL00 Build/HUAWEITAS-AL00; wv) AppleWebKit/537.36 (KHTML, like Gecko) Version/4.0 Chrome/99.0.4844.88 Mobile Safari/537.36#Referer$https://m.cfkj86.com/",
        "首页": "90",
        "起始页": "1",
        "分类url": "https://api.zeqaht.com/api.php/provide/vod/?ac=list&ac=detail&t={cateId}&pg={catePg};;rc",
        "分类": "喜剧&动作&科幻&电视剧&动漫&综艺",
        "分类值": "22&23&30&14&75&69",
        "二次截取": "list\":\\[&&\\]",
        "数组": "{&&}[不包含:伦理剧]",
        "图片": "vod_pic\":\"&&\"",
        "标题": "vod_name\":\"&&\"",
        "副标题": "vod_remarks\":\"&&\"+_+vod_pubdate\":\"&&\"",
        "链接": "https://m.cfkj86.com/detail/+vod_id\":&&,",
        "线路二次截取": "",
        "线路数组": "span class=\"label\">&&/span>",
        "线路标题": "文才",
        "播放数组": "episodeList\":\\[&&\\][替换:nid\":>>nid\":/1/]",
        "播放列表": "{&&}",
        "播放标题": "name\":\"&&\"",
        "播放链接前缀": "https://m.cfkj86.com/vod/play/+data\":{\"vodId\":&&,",
        "播放链接": "nid\":&&,",
        "倒序": "0",
        "跳转解析": "",
        "跳转播放链接": "",
        "影片类型": "vod_class\":\"&&\"",
        "影片年代": "vod_year\":\"&&\"",
        "影片地区": "vod_area\":\"&&\"",
        "导演": "vod_director\":\"&&\"",
        "主演": "vod_actor\":\"&&\"",
        "简介": "vod_content\":\"&&\"",
        "搜索url": "/api.php/provide/vod/?ac=detail&wd={wd}&pg={pg}",
        "搜索模式": "1",
        "搜索二次截取": "list\":\\[&&\\]",
        "搜索数组": "{&&}[不包含:伦理]",
        "搜索图片": "vod_pic\":\"&&\"",
        "搜索标题": "vod_name\":\"&&\"",
        "搜索副标题": "vod_remarks\":\"&&\"",
        "搜索链接": "https://m.cfkj86.com/detail/+vod_id\":&&,",
        "筛选": "1",
        "类型": "喜剧$22#动作$23#战争$25#爱情$26#悬疑$27#武侠$28#科幻$30#冒险$31#警匪$32#动画$33#惊悚$34#犯罪$35#恐怖$36#剧情$37#历史$38#纪录$39#传记$40#歌舞$41||国产剧$14#欧美剧$15#港台剧$16#日韩剧$62#其他剧$68||国产动漫$75#日韩动漫$76#欧美动漫$77#港台动漫$78#其他动漫$80||国产综艺$69#港台综艺$70#日韩综艺$72#欧美综艺$73#其他综艺$74"
      }
